{
  "Name": "localhost",
  "DisplayName": "Localhost",
  "Bindings": [
    {
      "HostName": "www.localhost.com",
      "Port": 80,
      "Ssl": false
    },
    {
      "HostName": "localhost",
      "Port": 8080,
      "Ssl": false
    }
  ],
  "DefaultLayout": "basic",
  "DefaultPage": "start",
  "GenerateDao": false,
  "CheckDaoHashes": false,
  "RenderLayoutBody": false,
  "LogNotFoundFilesWithTheseExtensions": [
    ".jpg",
    ".png",
    ".gif",
    ".htm",
    ".html"
  ],
  "ServiceProxyTypeNames": [
    "Bryan.Apellanes.ServiceProxy.Echo, Bryan.Apellanes.ServiceProxy, Version=1.0.0.0, Culture=neutral, PublicKeyToken=null",
    "Bryan.Apellanes.ServiceProxy.EncryptedEcho, Bryan.Apellanes.ServiceProxy, Version=1.0.0.0, Culture=neutral, PublicKeyToken=null"
  ],
  "SchemaInitializers": [],
  "AppInitializer": null,
  "AppInitializerAssemblyPath": null,
  "UserManager": {
    "ApplicationNameResolverType": "Bryan.Apellanes.ServiceProxy.DefaultConfigurationApplicationNameProvider, Bryan.Apellanes.ServiceProxy, Version=1.0.0.0, Culture=neutral, PublicKeyToken=null",
    "EmailComposerType": "Bryan.Apellanes.Messaging.NamedFormatEmailComposer, Bryan.Apellanes.Messaging, Version=1.0.0.0, Culture=neutral, PublicKeyToken=null",
    "EmailTemplateDirectoryPath": ".\\EmailTemplates",
    "EmailTemplateExtension": ".txt",
    "SmtpSettingsVaultPath": ".\\SmtpSettings.vault.sqlite"
  }
}